Symbol,Quantity,Price,Date
AAPL,25.0,195.50,2024-01-15
MSFT,15.0,385.00,2024-02-10
NVDA,40.0,95.20,2024-03-05
AVGO,20.0,142.00,2024-03-22
ORCL,30.0,125.00,2024-04-12
CRM,18.0,240.00,2024-05-18
AMD,35.0,140.00,2024-06-01
ADBE,10.0,465.00,2024-06-20
GOOGL,22.0,155.00,2024-01-20
META,12.0,475.00,2024-02-28
NFLX,8.0,620.00,2024-03-15
DIS,45.0,110.00,2024-04-05
CMCSA,60.0,39.50,2024-05-10
AMZN,28.0,165.00,2024-01-25
TSLA,20.0,210.00,2024-02-15
HD,14.0,345.00,2024-03-10
MCD,16.0,280.00,2024-04-01
NKE,35.0,92.00,2024-04-20
SBUX,40.0,88.00,2024-05-15
JPM,24.0,185.00,2024-01-18
V,16.0,255.00,2024-02-05
MA,10.0,440.00,2024-02-22
BAC,75.0,34.00,2024-03-18
GS,8.0,415.00,2024-04-10
MS,30.0,88.00,2024-05-02
BLK,6.0,810.00,2024-05-25
LLY,8.0,740.00,2024-01-12
UNH,12.0,510.00,2024-02-08
JNJ,30.0,158.00,2024-03-01
ABBV,25.0,168.00,2024-03-25
MRK,32.0,122.00,2024-04-15
TMO,7.0,545.00,2024-05-08
CAT,12.0,320.00,2024-01-30
GE,22.0,145.00,2024-02-18
HON,18.0,195.00,2024-03-12
UNP,15.0,225.00,2024-04-08
BA,20.0,185.00,2024-05-01
WMT,45.0,68.00,2024-01-10
PG,25.0,156.00,2024-02-12
COST,6.0,780.00,2024-03-08
KO,55.0,61.00,2024-04-18
XOM,35.0,105.00,2024-01-22
CVX,24.0,148.00,2024-02-25
COP,28.0,112.00,2024-03-20
SLB,50.0,48.00,2024-04-25
NEE,40.0,66.00,2024-02-02
SO,35.0,74.00,2024-03-16
PLD,25.0,118.00,2024-02-20
AMT,14.0,198.00,2024-04-10
LIN,9.0,425.00,2024-03-02
